User_ID,Username,Tweet,Sentiment,Demographic,Location,User_Behavior
1,User_1,This new product is amazing! #productlaunch,Positive,Female,India,Occasional User
2,User_2,This new product is amazing! #productlaunch,Negative,Female,India,Frequent User
3,User_3,This new product is amazing! #productlaunch,Negative,Female,UK,New User
4,User_4,This new product is amazing! #productlaunch,Positive,Male,Australia,New User
5,User_5,This new product is amazing! #productlaunch,Positive,Male,USA,New User
6,User_6,This new product is amazing! #productlaunch,Positive,Non-Binary,India,Occasional User
7,User_7,This new product is amazing! #productlaunch,Positive,Non-Binary,Canada,Occasional User
8,User_8,This new product is amazing! #productlaunch,Neutral,Male,Australia,New User
9,User_9,This new product is amazing! #productlaunch,Negative,Female,Canada,Frequent User
10,User_10,This new product is amazing! #productlaunch,Positive,Male,Canada,Occasional User
11,User_11,This new product is amazing! #productlaunch,Negative,Male,USA,Frequent User
12,User_12,This new product is amazing! #productlaunch,Negative,Non-Binary,Australia,New User
13,User_13,This new product is amazing! #productlaunch,Positive,Male,Australia,New User
14,User_14,This new product is amazing! #productlaunch,Neutral,Male,Canada,Frequent User
15,User_15,This new product is amazing! #productlaunch,Negative,Male,UK,New User
16,User_16,This new product is amazing! #productlaunch,Positive,Female,UK,New User
17,User_17,This new product is amazing! #productlaunch,Positive,Male,USA,New User
18,User_18,This new product is amazing! #productlaunch,Negative,Male,Australia,New User
19,User_19,This new product is amazing! #productlaunch,Negative,Female,UK,New User
20,User_20,This new product is amazing! #productlaunch,Neutral,Non-Binary,India,New User
21,User_21,This new product is amazing! #productlaunch,Neutral,Non-Binary,India,Occasional User
22,User_22,This new product is amazing! #productlaunch,Negative,Female,Canada,New User
23,User_23,This new product is amazing! #productlaunch,Negative,Male,UK,Occasional User
24,User_24,This new product is amazing! #productlaunch,Neutral,Female,USA,Occasional User
25,User_25,This new product is amazing! #productlaunch,Neutral,Non-Binary,USA,New User
26,User_26,This new product is amazing! #productlaunch,Positive,Male,Australia,Occasional User
27,User_27,This new product is amazing! #productlaunch,Negative,Male,Canada,Occasional User
28,User_28,This new product is amazing! #productlaunch,Positive,Male,USA,Occasional User
29,User_29,This new product is amazing! #productlaunch,Negative,Male,UK,New User
30,User_30,This new product is amazing! #productlaunch,Negative,Non-Binary,Australia,Occasional User
31,User_31,This new product is amazing! #productlaunch,Positive,Non-Binary,USA,Occasional User
32,User_32,This new product is amazing! #productlaunch,Positive,Male,India,Occasional User
33,User_33,This new product is amazing! #productlaunch,Negative,Non-Binary,Canada,New User
34,User_34,This new product is amazing! #productlaunch,Neutral,Non-Binary,UK,Frequent User
35,User_35,This new product is amazing! #productlaunch,Positive,Male,India,Occasional User
36,User_36,This new product is amazing! #productlaunch,Positive,Female,USA,New User
37,User_37,This new product is amazing! #productlaunch,Neutral,Male,UK,Occasional User
38,User_38,This new product is amazing! #productlaunch,Positive,Non-Binary,India,Occasional User
39,User_39,This new product is amazing! #productlaunch,Positive,Male,Australia,New User
40,User_40,This new product is amazing! #productlaunch,Neutral,Non-Binary,Australia,Occasional User
41,User_41,This new product is amazing! #productlaunch,Neutral,Non-Binary,Canada,Occasional User
42,User_42,This new product is amazing! #productlaunch,Negative,Female,Australia,Frequent User
43,User_43,This new product is amazing! #productlaunch,Negative,Female,Canada,Occasional User
44,User_44,This new product is amazing! #productlaunch,Positive,Male,Australia,Frequent User
45,User_45,This new product is amazing! #productlaunch,Neutral,Female,Australia,Frequent User
46,User_46,This new product is amazing! #productlaunch,Negative,Non-Binary,India,Frequent User
47,User_47,This new product is amazing! #productlaunch,Positive,Female,Canada,New User
48,User_48,This new product is amazing! #productlaunch,Negative,Male,Canada,Frequent User
49,User_49,This new product is amazing! #productlaunch,Negative,Non-Binary,UK,Occasional User
50,User_50,This new product is amazing! #productlaunch,Negative,Non-Binary,USA,New User
51,User_51,This new product is amazing! #productlaunch,Neutral,Non-Binary,Canada,New User
52,User_52,This new product is amazing! #productlaunch,Positive,Male,Australia,Occasional User
53,User_53,This new product is amazing! #productlaunch,Positive,Non-Binary,India,Occasional User
54,User_54,This new product is amazing! #productlaunch,Positive,Non-Binary,USA,Frequent User
55,User_55,This new product is amazing! #productlaunch,Positive,Male,Canada,New User
56,User_56,This new product is amazing! #productlaunch,Negative,Female,USA,Frequent User
57,User_57,This new product is amazing! #productlaunch,Positive,Male,India,Frequent User
58,User_58,This new product is amazing! #productlaunch,Neutral,Male,Australia,Occasional User
59,User_59,This new product is amazing! #productlaunch,Neutral,Female,Canada,Frequent User
60,User_60,This new product is amazing! #productlaunch,Neutral,Non-Binary,India,Frequent User
61,User_61,This new product is amazing! #productlaunch,Negative,Female,UK,New User
62,User_62,This new product is amazing! #productlaunch,Neutral,Female,UK,Frequent User
63,User_63,This new product is amazing! #productlaunch,Neutral,Non-Binary,USA,Occasional User
64,User_64,This new product is amazing! #productlaunch,Positive,Non-Binary,Australia,New User
65,User_65,This new product is amazing! #productlaunch,Neutral,Male,UK,New User
66,User_66,This new product is amazing! #productlaunch,Negative,Non-Binary,Australia,Occasional User
67,User_67,This new product is amazing! #productlaunch,Negative,Non-Binary,UK,Occasional User
68,User_68,This new product is amazing! #productlaunch,Positive,Female,USA,New User
69,User_69,This new product is amazing! #productlaunch,Neutral,Female,UK,Occasional User
70,User_70,This new product is amazing! #productlaunch,Negative,Female,Australia,Occasional User
71,User_71,This new product is amazing! #productlaunch,Positive,Non-Binary,UK,Frequent User
72,User_72,This new product is amazing! #productlaunch,Neutral,Male,Canada,New User
73,User_73,This new product is amazing! #productlaunch,Neutral,Male,UK,Occasional User
74,User_74,This new product is amazing! #productlaunch,Neutral,Female,Australia,Occasional User
75,User_75,This new product is amazing! #productlaunch,Neutral,Male,India,Occasional User
76,User_76,This new product is amazing! #productlaunch,Neutral,Female,Canada,Frequent User
77,User_77,This new product is amazing! #productlaunch,Positive,Female,India,Frequent User
78,User_78,This new product is amazing! #productlaunch,Positive,Non-Binary,Canada,Occasional User
79,User_79,This new product is amazing! #productlaunch,Positive,Female,Canada,New User
80,User_80,This new product is amazing! #productlaunch,Neutral,Male,India,Occasional User
81,User_81,This new product is amazing! #productlaunch,Negative,Male,Canada,New User
82,User_82,This new product is amazing! #productlaunch,Neutral,Male,USA,New User
83,User_83,This new product is amazing! #productlaunch,Negative,Male,Canada,Frequent User
84,User_84,This new product is amazing! #productlaunch,Positive,Female,India,Frequent User
85,User_85,This new product is amazing! #productlaunch,Positive,Non-Binary,UK,Frequent User
86,User_86,This new product is amazing! #productlaunch,Neutral,Non-Binary,Australia,Frequent User
87,User_87,This new product is amazing! #productlaunch,Neutral,Non-Binary,UK,Frequent User
88,User_88,This new product is amazing! #productlaunch,Positive,Non-Binary,Canada,Frequent User
89,User_89,This new product is amazing! #productlaunch,Neutral,Female,India,Occasional User
90,User_90,This new product is amazing! #productlaunch,Negative,Female,Australia,Frequent User
91,User_91,This new product is amazing! #productlaunch,Neutral,Non-Binary,UK,New User
92,User_92,This new product is amazing! #productlaunch,Neutral,Female,UK,Occasional User
93,User_93,This new product is amazing! #productlaunch,Neutral,Non-Binary,USA,Occasional User
94,User_94,This new product is amazing! #productlaunch,Positive,Male,India,New User
95,User_95,This new product is amazing! #productlaunch,Positive,Non-Binary,India,Occasional User
96,User_96,This new product is amazing! #productlaunch,Neutral,Non-Binary,Canada,Occasional User
97,User_97,This new product is amazing! #productlaunch,Positive,Female,India,New User
98,User_98,This new product is amazing! #productlaunch,Positive,Non-Binary,Canada,Occasional User
99,User_99,This new product is amazing! #productlaunch,Negative,Male,Canada,Frequent User
100,User_100,This new product is amazing! #productlaunch,Positive,Non-Binary,Australia,New User
101,User_101,This new product is amazing! #productlaunch,Negative,Male,USA,New User
102,User_102,This new product is amazing! #productlaunch,Negative,Male,India,New User
103,User_103,This new product is amazing! #productlaunch,Negative,Male,Australia,New User
104,User_104,This new product is amazing! #productlaunch,Negative,Non-Binary,India,Frequent User
105,User_105,This new product is amazing! #productlaunch,Negative,Male,USA,Occasional User
106,User_106,This new product is amazing! #productlaunch,Negative,Male,India,Frequent User
107,User_107,This new product is amazing! #productlaunch,Negative,Non-Binary,Australia,Occasional User
108,User_108,This new product is amazing! #productlaunch,Neutral,Female,Canada,Frequent User
109,User_109,This new product is amazing! #productlaunch,Neutral,Male,UK,Frequent User
110,User_110,This new product is amazing! #productlaunch,Neutral,Non-Binary,USA,Occasional User
111,User_111,This new product is amazing! #productlaunch,Neutral,Male,UK,New User
112,User_112,This new product is amazing! #productlaunch,Neutral,Non-Binary,UK,Occasional User
113,User_113,This new product is amazing! #productlaunch,Positive,Non-Binary,India,Occasional User
114,User_114,This new product is amazing! #productlaunch,Negative,Male,Canada,Occasional User
115,User_115,This new product is amazing! #productlaunch,Positive,Non-Binary,Canada,Frequent User
116,User_116,This new product is amazing! #productlaunch,Negative,Female,UK,Frequent User
117,User_117,This new product is amazing! #productlaunch,Positive,Male,Australia,New User
118,User_118,This new product is amazing! #productlaunch,Negative,Male,Canada,New User
119,User_119,This new product is amazing! #productlaunch,Negative,Female,Australia,Occasional User
120,User_120,This new product is amazing! #productlaunch,Negative,Female,Australia,Frequent User
121,User_121,This new product is amazing! #productlaunch,Positive,Non-Binary,USA,Frequent User
122,User_122,This new product is amazing! #productlaunch,Neutral,Female,India,New User
123,User_123,This new product is amazing! #productlaunch,Negative,Female,India,Occasional User
124,User_124,This new product is amazing! #productlaunch,Negative,Non-Binary,Canada,Occasional User
125,User_125,This new product is amazing! #productlaunch,Positive,Non-Binary,UK,Occasional User
126,User_126,This new product is amazing! #productlaunch,Neutral,Male,UK,New User
127,User_127,This new product is amazing! #productlaunch,Positive,Male,Canada,Frequent User
128,User_128,This new product is amazing! #productlaunch,Positive,Male,Canada,Frequent User
129,User_129,This new product is amazing! #productlaunch,Negative,Female,USA,Occasional User
130,User_130,This new product is amazing! #productlaunch,Neutral,Non-Binary,UK,Occasional User
131,User_131,This new product is amazing! #productlaunch,Negative,Female,Australia,Occasional User
132,User_132,This new product is amazing! #productlaunch,Negative,Non-Binary,India,New User
133,User_133,This new product is amazing! #productlaunch,Negative,Female,USA,Occasional User
134,User_134,This new product is amazing! #productlaunch,Positive,Non-Binary,Canada,Frequent User
135,User_135,This new product is amazing! #productlaunch,Neutral,Male,India,New User
136,User_136,This new product is amazing! #productlaunch,Negative,Male,Canada,New User
137,User_137,This new product is amazing! #productlaunch,Negative,Non-Binary,UK,New User
138,User_138,This new product is amazing! #productlaunch,Positive,Non-Binary,USA,New User
139,User_139,This new product is amazing! #productlaunch,Neutral,Female,Australia,Frequent User
140,User_140,This new product is amazing! #productlaunch,Positive,Male,Canada,Occasional User
141,User_141,This new product is amazing! #productlaunch,Neutral,Female,Australia,Frequent User
142,User_142,This new product is amazing! #productlaunch,Negative,Male,India,Occasional User
143,User_143,This new product is amazing! #productlaunch,Negative,Non-Binary,India,New User
144,User_144,This new product is amazing! #productlaunch,Negative,Male,India,New User
145,User_145,This new product is amazing! #productlaunch,Positive,Male,USA,Occasional User
146,User_146,This new product is amazing! #productlaunch,Positive,Female,Canada,Occasional User
147,User_147,This new product is amazing! #productlaunch,Neutral,Male,Canada,New User
148,User_148,This new product is amazing! #productlaunch,Negative,Female,Canada,Frequent User
149,User_149,This new product is amazing! #productlaunch,Neutral,Female,UK,Frequent User
150,User_150,This new product is amazing! #productlaunch,Neutral,Male,India,Frequent User
151,User_151,This new product is amazing! #productlaunch,Negative,Male,Canada,New User
152,User_152,This new product is amazing! #productlaunch,Positive,Male,Australia,New User
153,User_153,This new product is amazing! #productlaunch,Positive,Non-Binary,Australia,New User
154,User_154,This new product is amazing! #productlaunch,Positive,Non-Binary,Canada,Frequent User
155,User_155,This new product is amazing! #productlaunch,Positive,Female,UK,Frequent User
156,User_156,This new product is amazing! #productlaunch,Positive,Non-Binary,Australia,Frequent User
157,User_157,This new product is amazing! #productlaunch,Negative,Female,UK,New User
158,User_158,This new product is amazing! #productlaunch,Neutral,Female,USA,Frequent User
159,User_159,This new product is amazing! #productlaunch,Negative,Male,India,Frequent User
160,User_160,This new product is amazing! #productlaunch,Positive,Female,USA,Frequent User
161,User_161,This new product is amazing! #productlaunch,Neutral,Male,USA,New User
162,User_162,This new product is amazing! #productlaunch,Positive,Female,Australia,Frequent User
163,User_163,This new product is amazing! #productlaunch,Negative,Non-Binary,India,Occasional User
164,User_164,This new product is amazing! #productlaunch,Neutral,Female,UK,New User
165,User_165,This new product is amazing! #productlaunch,Negative,Non-Binary,Canada,Frequent User
166,User_166,This new product is amazing! #productlaunch,Neutral,Male,Canada,Frequent User
167,User_167,This new product is amazing! #productlaunch,Positive,Non-Binary,India,New User
168,User_168,This new product is amazing! #productlaunch,Neutral,Non-Binary,Australia,Frequent User
169,User_169,This new product is amazing! #productlaunch,Neutral,Male,Australia,Frequent User
170,User_170,This new product is amazing! #productlaunch,Neutral,Non-Binary,Canada,Occasional User
171,User_171,This new product is amazing! #productlaunch,Negative,Non-Binary,Canada,New User
172,User_172,This new product is amazing! #productlaunch,Positive,Non-Binary,India,Frequent User
173,User_173,This new product is amazing! #productlaunch,Negative,Non-Binary,Australia,Occasional User
174,User_174,This new product is amazing! #productlaunch,Neutral,Male,UK,Frequent User
175,User_175,This new product is amazing! #productlaunch,Positive,Female,UK,Frequent User
176,User_176,This new product is amazing! #productlaunch,Negative,Male,Australia,New User
177,User_177,This new product is amazing! #productlaunch,Neutral,Female,USA,Occasional User
178,User_178,This new product is amazing! #productlaunch,Neutral,Female,India,New User
179,User_179,This new product is amazing! #productlaunch,Positive,Non-Binary,USA,Frequent User
180,User_180,This new product is amazing! #productlaunch,Positive,Non-Binary,India,Occasional User
181,User_181,This new product is amazing! #productlaunch,Neutral,Non-Binary,USA,New User
182,User_182,This new product is amazing! #productlaunch,Positive,Male,Canada,Occasional User
183,User_183,This new product is amazing! #productlaunch,Negative,Male,Australia,Occasional User
184,User_184,This new product is amazing! #productlaunch,Positive,Male,UK,Frequent User
185,User_185,This new product is amazing! #productlaunch,Negative,Female,Canada,Occasional User
186,User_186,This new product is amazing! #productlaunch,Positive,Non-Binary,India,New User
187,User_187,This new product is amazing! #productlaunch,Positive,Female,UK,New User
188,User_188,This new product is amazing! #productlaunch,Neutral,Non-Binary,Canada,Occasional User
189,User_189,This new product is amazing! #productlaunch,Negative,Non-Binary,UK,Frequent User
190,User_190,This new product is amazing! #productlaunch,Negative,Male,Canada,Frequent User
191,User_191,This new product is amazing! #productlaunch,Positive,Non-Binary,Canada,Occasional User
192,User_192,This new product is amazing! #productlaunch,Negative,Male,Australia,Frequent User
193,User_193,This new product is amazing! #productlaunch,Negative,Female,Australia,Frequent User
194,User_194,This new product is amazing! #productlaunch,Negative,Non-Binary,USA,New User
195,User_195,This new product is amazing! #productlaunch,Positive,Non-Binary,Australia,Frequent User
196,User_196,This new product is amazing! #productlaunch,Neutral,Female,UK,Occasional User
197,User_197,This new product is amazing! #productlaunch,Positive,Female,India,New User
198,User_198,This new product is amazing! #productlaunch,Positive,Male,Australia,Occasional User
199,User_199,This new product is amazing! #productlaunch,Positive,Non-Binary,USA,Frequent User
200,User_200,This new product is amazing! #productlaunch,Neutral,Male,Canada,Frequent User
201,User_201,This new product is amazing! #productlaunch,Neutral,Male,Canada,Frequent User
202,User_202,This new product is amazing! #productlaunch,Neutral,Non-Binary,USA,Frequent User
203,User_203,This new product is amazing! #productlaunch,Negative,Male,USA,New User
204,User_204,This new product is amazing! #productlaunch,Neutral,Female,USA,New User
205,User_205,This new product is amazing! #productlaunch,Neutral,Female,USA,New User
206,User_206,This new product is amazing! #productlaunch,Positive,Male,Canada,Occasional User
207,User_207,This new product is amazing! #productlaunch,Positive,Male,Australia,Frequent User
208,User_208,This new product is amazing! #productlaunch,Neutral,Male,Canada,Occasional User
209,User_209,This new product is amazing! #productlaunch,Positive,Male,India,Frequent User
210,User_210,This new product is amazing! #productlaunch,Neutral,Non-Binary,USA,Frequent User
211,User_211,This new product is amazing! #productlaunch,Positive,Non-Binary,USA,Occasional User
212,User_212,This new product is amazing! #productlaunch,Positive,Non-Binary,India,New User
213,User_213,This new product is amazing! #productlaunch,Positive,Female,Canada,Frequent User
214,User_214,This new product is amazing! #productlaunch,Negative,Male,USA,New User
215,User_215,This new product is amazing! #productlaunch,Positive,Female,Canada,New User
216,User_216,This new product is amazing! #productlaunch,Positive,Female,UK,New User
217,User_217,This new product is amazing! #productlaunch,Neutral,Male,USA,Occasional User
218,User_218,This new product is amazing! #productlaunch,Negative,Female,UK,Frequent User
219,User_219,This new product is amazing! #productlaunch,Positive,Female,UK,New User
220,User_220,This new product is amazing! #productlaunch,Neutral,Non-Binary,USA,Frequent User
221,User_221,This new product is amazing! #productlaunch,Neutral,Female,India,Frequent User
222,User_222,This new product is amazing! #productlaunch,Negative,Female,USA,New User
223,User_223,This new product is amazing! #productlaunch,Negative,Female,India,Occasional User
224,User_224,This new product is amazing! #productlaunch,Negative,Female,Australia,Occasional User
225,User_225,This new product is amazing! #productlaunch,Neutral,Female,India,Occasional User
226,User_226,This new product is amazing! #productlaunch,Positive,Male,India,Occasional User
227,User_227,This new product is amazing! #productlaunch,Positive,Male,USA,New User
228,User_228,This new product is amazing! #productlaunch,Neutral,Male,Canada,New User
229,User_229,This new product is amazing! #productlaunch,Neutral,Non-Binary,India,Occasional User
230,User_230,This new product is amazing! #productlaunch,Negative,Male,Australia,Occasional User
231,User_231,This new product is amazing! #productlaunch,Negative,Female,UK,New User
232,User_232,This new product is amazing! #productlaunch,Neutral,Female,UK,Frequent User
233,User_233,This new product is amazing! #productlaunch,Negative,Male,Canada,New User
234,User_234,This new product is amazing! #productlaunch,Positive,Non-Binary,UK,New User
235,User_235,This new product is amazing! #productlaunch,Negative,Female,USA,Frequent User
236,User_236,This new product is amazing! #productlaunch,Neutral,Male,Canada,Occasional User
237,User_237,This new product is amazing! #productlaunch,Neutral,Non-Binary,Australia,Frequent User
238,User_238,This new product is amazing! #productlaunch,Neutral,Non-Binary,USA,New User
239,User_239,This new product is amazing! #productlaunch,Negative,Female,USA,New User
240,User_240,This new product is amazing! #productlaunch,Neutral,Non-Binary,Canada,New User
241,User_241,This new product is amazing! #productlaunch,Positive,Female,Australia,Occasional User
242,User_242,This new product is amazing! #productlaunch,Negative,Non-Binary,UK,Occasional User
243,User_243,This new product is amazing! #productlaunch,Neutral,Male,USA,Frequent User
244,User_244,This new product is amazing! #productlaunch,Negative,Non-Binary,Canada,New User
245,User_245,This new product is amazing! #productlaunch,Neutral,Non-Binary,USA,New User
246,User_246,This new product is amazing! #productlaunch,Negative,Non-Binary,UK,Occasional User
247,User_247,This new product is amazing! #productlaunch,Neutral,Female,India,Frequent User
248,User_248,This new product is amazing! #productlaunch,Negative,Non-Binary,Canada,Occasional User
249,User_249,This new product is amazing! #productlaunch,Neutral,Female,Australia,New User
250,User_250,This new product is amazing! #productlaunch,Neutral,Female,Canada,Frequent User
251,User_251,This new product is amazing! #productlaunch,Positive,Non-Binary,USA,Frequent User
252,User_252,This new product is amazing! #productlaunch,Positive,Male,USA,Occasional User
253,User_253,This new product is amazing! #productlaunch,Positive,Non-Binary,UK,Occasional User
254,User_254,This new product is amazing! #productlaunch,Positive,Non-Binary,Canada,Frequent User
255,User_255,This new product is amazing! #productlaunch,Positive,Female,India,Occasional User
256,User_256,This new product is amazing! #productlaunch,Neutral,Female,USA,Occasional User
257,User_257,This new product is amazing! #productlaunch,Positive,Female,Australia,Occasional User
258,User_258,This new product is amazing! #productlaunch,Negative,Male,Canada,Occasional User
259,User_259,This new product is amazing! #productlaunch,Neutral,Male,USA,Occasional User
260,User_260,This new product is amazing! #productlaunch,Negative,Non-Binary,Canada,Frequent User
261,User_261,This new product is amazing! #productlaunch,Positive,Male,India,Frequent User
262,User_262,This new product is amazing! #productlaunch,Neutral,Male,USA,Frequent User
263,User_263,This new product is amazing! #productlaunch,Negative,Non-Binary,USA,New User
264,User_264,This new product is amazing! #productlaunch,Negative,Non-Binary,India,Occasional User
265,User_265,This new product is amazing! #productlaunch,Positive,Female,India,Frequent User
266,User_266,This new product is amazing! #productlaunch,Neutral,Non-Binary,USA,Frequent User
267,User_267,This new product is amazing! #productlaunch,Positive,Male,UK,New User
268,User_268,This new product is amazing! #productlaunch,Positive,Male,Canada,Occasional User
269,User_269,This new product is amazing! #productlaunch,Positive,Male,USA,Occasional User
270,User_270,This new product is amazing! #productlaunch,Neutral,Non-Binary,USA,New User
271,User_271,This new product is amazing! #productlaunch,Neutral,Non-Binary,India,Occasional User
272,User_272,This new product is amazing! #productlaunch,Neutral,Non-Binary,UK,New User
273,User_273,This new product is amazing! #productlaunch,Neutral,Female,UK,New User
274,User_274,This new product is amazing! #productlaunch,Negative,Non-Binary,India,Occasional User
275,User_275,This new product is amazing! #productlaunch,Positive,Non-Binary,UK,New User
276,User_276,This new product is amazing! #productlaunch,Positive,Female,India,New User
277,User_277,This new product is amazing! #productlaunch,Neutral,Female,USA,Frequent User
278,User_278,This new product is amazing! #productlaunch,Neutral,Non-Binary,UK,Occasional User
279,User_279,This new product is amazing! #productlaunch,Positive,Male,USA,Occasional User
280,User_280,This new product is amazing! #productlaunch,Negative,Non-Binary,Australia,New User
281,User_281,This new product is amazing! #productlaunch,Negative,Male,USA,New User
282,User_282,This new product is amazing! #productlaunch,Negative,Male,Australia,New User
283,User_283,This new product is amazing! #productlaunch,Negative,Non-Binary,USA,Occasional User
284,User_284,This new product is amazing! #productlaunch,Negative,Male,USA,Occasional User
285,User_285,This new product is amazing! #productlaunch,Positive,Male,USA,Frequent User
286,User_286,This new product is amazing! #productlaunch,Neutral,Male,Australia,Frequent User
287,User_287,This new product is amazing! #productlaunch,Neutral,Non-Binary,USA,Occasional User
288,User_288,This new product is amazing! #productlaunch,Negative,Female,India,Occasional User
289,User_289,This new product is amazing! #productlaunch,Positive,Non-Binary,India,New User
290,User_290,This new product is amazing! #productlaunch,Negative,Non-Binary,UK,New User
291,User_291,This new product is amazing! #productlaunch,Positive,Female,UK,Occasional User
292,User_292,This new product is amazing! #productlaunch,Positive,Male,USA,New User
293,User_293,This new product is amazing! #productlaunch,Positive,Female,UK,Frequent User
294,User_294,This new product is amazing! #productlaunch,Positive,Non-Binary,Australia,Occasional User
295,User_295,This new product is amazing! #productlaunch,Positive,Non-Binary,Canada,Occasional User
296,User_296,This new product is amazing! #productlaunch,Neutral,Non-Binary,India,New User
297,User_297,This new product is amazing! #productlaunch,Negative,Male,UK,Occasional User
298,User_298,This new product is amazing! #productlaunch,Negative,Non-Binary,UK,Occasional User
299,User_299,This new product is amazing! #productlaunch,Positive,Male,UK,New User
300,User_300,This new product is amazing! #productlaunch,Neutral,Non-Binary,USA,Frequent User
301,User_301,This new product is amazing! #productlaunch,Neutral,Female,Canada,Occasional User
302,User_302,This new product is amazing! #productlaunch,Positive,Male,Australia,New User
303,User_303,This new product is amazing! #productlaunch,Negative,Male,Australia,Occasional User
304,User_304,This new product is amazing! #productlaunch,Positive,Female,UK,Frequent User
305,User_305,This new product is amazing! #productlaunch,Negative,Male,India,Occasional User
306,User_306,This new product is amazing! #productlaunch,Positive,Male,Canada,Frequent User
307,User_307,This new product is amazing! #productlaunch,Positive,Male,Canada,New User
308,User_308,This new product is amazing! #productlaunch,Neutral,Female,Canada,Frequent User
309,User_309,This new product is amazing! #productlaunch,Negative,Male,USA,Occasional User
310,User_310,This new product is amazing! #productlaunch,Negative,Female,Canada,Frequent User
311,User_311,This new product is amazing! #productlaunch,Neutral,Female,USA,New User
312,User_312,This new product is amazing! #productlaunch,Positive,Non-Binary,Australia,Occasional User
313,User_313,This new product is amazing! #productlaunch,Neutral,Non-Binary,USA,Frequent User
314,User_314,This new product is amazing! #productlaunch,Negative,Male,India,New User
315,User_315,This new product is amazing! #productlaunch,Negative,Non-Binary,India,Frequent User
316,User_316,This new product is amazing! #productlaunch,Negative,Female,Canada,Occasional User
317,User_317,This new product is amazing! #productlaunch,Negative,Male,USA,Occasional User
318,User_318,This new product is amazing! #productlaunch,Neutral,Non-Binary,Canada,New User
319,User_319,This new product is amazing! #productlaunch,Neutral,Female,India,Occasional User
320,User_320,This new product is amazing! #productlaunch,Neutral,Male,Canada,Frequent User
321,User_321,This new product is amazing! #productlaunch,Positive,Male,Canada,Frequent User
322,User_322,This new product is amazing! #productlaunch,Neutral,Female,UK,Occasional User
323,User_323,This new product is amazing! #productlaunch,Neutral,Female,USA,Occasional User
324,User_324,This new product is amazing! #productlaunch,Positive,Female,India,New User
325,User_325,This new product is amazing! #productlaunch,Positive,Male,Canada,New User
326,User_326,This new product is amazing! #productlaunch,Neutral,Female,Australia,Occasional User
327,User_327,This new product is amazing! #productlaunch,Neutral,Male,UK,Frequent User
328,User_328,This new product is amazing! #productlaunch,Neutral,Male,UK,Frequent User
329,User_329,This new product is amazing! #productlaunch,Negative,Male,Canada,Frequent User
330,User_330,This new product is amazing! #productlaunch,Neutral,Male,Australia,New User
331,User_331,This new product is amazing! #productlaunch,Positive,Female,India,Occasional User
332,User_332,This new product is amazing! #productlaunch,Positive,Non-Binary,USA,New User
333,User_333,This new product is amazing! #productlaunch,Neutral,Male,India,New User
334,User_334,This new product is amazing! #productlaunch,Negative,Non-Binary,UK,Occasional User
335,User_335,This new product is amazing! #productlaunch,Positive,Non-Binary,Canada,Frequent User
336,User_336,This new product is amazing! #productlaunch,Positive,Female,India,Frequent User
337,User_337,This new product is amazing! #productlaunch,Positive,Female,India,New User
338,User_338,This new product is amazing! #productlaunch,Negative,Non-Binary,India,New User
339,User_339,This new product is amazing! #productlaunch,Negative,Non-Binary,Australia,Occasional User
340,User_340,This new product is amazing! #productlaunch,Neutral,Male,Canada,New User
341,User_341,This new product is amazing! #productlaunch,Neutral,Non-Binary,Australia,New User
342,User_342,This new product is amazing! #productlaunch,Neutral,Non-Binary,Australia,Frequent User
343,User_343,This new product is amazing! #productlaunch,Neutral,Female,Canada,Frequent User
344,User_344,This new product is amazing! #productlaunch,Negative,Male,Canada,Frequent User
345,User_345,This new product is amazing! #productlaunch,Negative,Male,Canada,Occasional User
346,User_346,This new product is amazing! #productlaunch,Neutral,Female,Canada,Occasional User
347,User_347,This new product is amazing! #productlaunch,Negative,Non-Binary,India,Occasional User
348,User_348,This new product is amazing! #productlaunch,Neutral,Non-Binary,Australia,Occasional User
349,User_349,This new product is amazing! #productlaunch,Negative,Non-Binary,Canada,Occasional User
350,User_350,This new product is amazing! #productlaunch,Neutral,Male,USA,Occasional User
351,User_351,This new product is amazing! #productlaunch,Positive,Male,UK,Occasional User
352,User_352,This new product is amazing! #productlaunch,Negative,Non-Binary,UK,Occasional User
353,User_353,This new product is amazing! #productlaunch,Positive,Male,Canada,Occasional User
354,User_354,This new product is amazing! #productlaunch,Negative,Non-Binary,Australia,Frequent User
355,User_355,This new product is amazing! #productlaunch,Positive,Non-Binary,Canada,New User
356,User_356,This new product is amazing! #productlaunch,Neutral,Male,UK,Occasional User
357,User_357,This new product is amazing! #productlaunch,Positive,Non-Binary,India,Frequent User
358,User_358,This new product is amazing! #productlaunch,Negative,Female,Canada,New User
359,User_359,This new product is amazing! #productlaunch,Positive,Non-Binary,Canada,Occasional User
360,User_360,This new product is amazing! #productlaunch,Negative,Male,UK,Occasional User
361,User_361,This new product is amazing! #productlaunch,Neutral,Non-Binary,Australia,Occasional User
362,User_362,This new product is amazing! #productlaunch,Negative,Non-Binary,UK,Frequent User
363,User_363,This new product is amazing! #productlaunch,Positive,Non-Binary,UK,Occasional User
364,User_364,This new product is amazing! #productlaunch,Neutral,Male,Australia,Occasional User
365,User_365,This new product is amazing! #productlaunch,Positive,Non-Binary,USA,Frequent User
366,User_366,This new product is amazing! #productlaunch,Neutral,Female,UK,Occasional User
367,User_367,This new product is amazing! #productlaunch,Neutral,Male,Canada,Frequent User
368,User_368,This new product is amazing! #productlaunch,Neutral,Male,USA,New User
369,User_369,This new product is amazing! #productlaunch,Negative,Non-Binary,UK,New User
370,User_370,This new product is amazing! #productlaunch,Negative,Non-Binary,UK,Frequent User
371,User_371,This new product is amazing! #productlaunch,Positive,Female,UK,Frequent User
372,User_372,This new product is amazing! #productlaunch,Positive,Male,USA,Occasional User
373,User_373,This new product is amazing! #productlaunch,Positive,Non-Binary,Australia,New User
374,User_374,This new product is amazing! #productlaunch,Negative,Non-Binary,USA,Occasional User
375,User_375,This new product is amazing! #productlaunch,Negative,Non-Binary,UK,Occasional User
376,User_376,This new product is amazing! #productlaunch,Negative,Female,Australia,Occasional User
377,User_377,This new product is amazing! #productlaunch,Neutral,Female,USA,Frequent User
378,User_378,This new product is amazing! #productlaunch,Negative,Male,USA,Occasional User
379,User_379,This new product is amazing! #productlaunch,Negative,Female,USA,New User
380,User_380,This new product is amazing! #productlaunch,Neutral,Female,India,Occasional User
381,User_381,This new product is amazing! #productlaunch,Negative,Male,UK,New User
382,User_382,This new product is amazing! #productlaunch,Positive,Non-Binary,Canada,Frequent User
383,User_383,This new product is amazing! #productlaunch,Neutral,Non-Binary,Canada,New User
384,User_384,This new product is amazing! #productlaunch,Positive,Female,Australia,Occasional User
385,User_385,This new product is amazing! #productlaunch,Positive,Male,India,Frequent User
386,User_386,This new product is amazing! #productlaunch,Neutral,Non-Binary,USA,Frequent User
387,User_387,This new product is amazing! #productlaunch,Positive,Non-Binary,UK,New User
388,User_388,This new product is amazing! #productlaunch,Negative,Non-Binary,Canada,Occasional User
389,User_389,This new product is amazing! #productlaunch,Positive,Non-Binary,USA,Occasional User
390,User_390,This new product is amazing! #productlaunch,Negative,Non-Binary,UK,Frequent User
391,User_391,This new product is amazing! #productlaunch,Neutral,Male,UK,Occasional User
392,User_392,This new product is amazing! #productlaunch,Negative,Female,Australia,New User
393,User_393,This new product is amazing! #productlaunch,Positive,Non-Binary,USA,New User
394,User_394,This new product is amazing! #productlaunch,Positive,Female,Canada,Occasional User
395,User_395,This new product is amazing! #productlaunch,Negative,Female,USA,Occasional User
396,User_396,This new product is amazing! #productlaunch,Negative,Non-Binary,UK,New User
397,User_397,This new product is amazing! #productlaunch,Negative,Non-Binary,India,Frequent User
398,User_398,This new product is amazing! #productlaunch,Neutral,Female,Australia,New User
399,User_399,This new product is amazing! #productlaunch,Negative,Non-Binary,UK,Occasional User
400,User_400,This new product is amazing! #productlaunch,Neutral,Non-Binary,Australia,Occasional User
401,User_401,This new product is amazing! #productlaunch,Negative,Male,Australia,Occasional User
402,User_402,This new product is amazing! #productlaunch,Positive,Non-Binary,Canada,New User
403,User_403,This new product is amazing! #productlaunch,Neutral,Male,UK,Occasional User
404,User_404,This new product is amazing! #productlaunch,Negative,Male,Canada,Frequent User
405,User_405,This new product is amazing! #productlaunch,Negative,Male,UK,Occasional User
406,User_406,This new product is amazing! #productlaunch,Neutral,Non-Binary,India,New User
407,User_407,This new product is amazing! #productlaunch,Negative,Male,UK,Occasional User
408,User_408,This new product is amazing! #productlaunch,Neutral,Male,Australia,New User
409,User_409,This new product is amazing! #productlaunch,Negative,Female,USA,New User
410,User_410,This new product is amazing! #productlaunch,Negative,Non-Binary,USA,Occasional User
411,User_411,This new product is amazing! #productlaunch,Negative,Non-Binary,UK,Occasional User
412,User_412,This new product is amazing! #productlaunch,Negative,Female,UK,Frequent User
413,User_413,This new product is amazing! #productlaunch,Positive,Non-Binary,UK,Frequent User
414,User_414,This new product is amazing! #productlaunch,Neutral,Male,UK,Occasional User
415,User_415,This new product is amazing! #productlaunch,Neutral,Non-Binary,UK,Occasional User
416,User_416,This new product is amazing! #productlaunch,Positive,Non-Binary,USA,New User
417,User_417,This new product is amazing! #productlaunch,Neutral,Female,Australia,Frequent User
418,User_418,This new product is amazing! #productlaunch,Neutral,Male,India,Occasional User
419,User_419,This new product is amazing! #productlaunch,Positive,Male,USA,New User
420,User_420,This new product is amazing! #productlaunch,Positive,Male,UK,New User
421,User_421,This new product is amazing! #productlaunch,Neutral,Female,Canada,Frequent User
422,User_422,This new product is amazing! #productlaunch,Negative,Non-Binary,India,Occasional User
423,User_423,This new product is amazing! #productlaunch,Neutral,Non-Binary,Canada,Occasional User
424,User_424,This new product is amazing! #productlaunch,Positive,Male,Australia,Frequent User
425,User_425,This new product is amazing! #productlaunch,Positive,Non-Binary,Canada,Frequent User
426,User_426,This new product is amazing! #productlaunch,Negative,Female,UK,New User
427,User_427,This new product is amazing! #productlaunch,Positive,Non-Binary,Canada,Occasional User
428,User_428,This new product is amazing! #productlaunch,Positive,Female,UK,Occasional User
429,User_429,This new product is amazing! #productlaunch,Neutral,Non-Binary,Canada,Occasional User
430,User_430,This new product is amazing! #productlaunch,Neutral,Female,USA,New User
431,User_431,This new product is amazing! #productlaunch,Neutral,Female,USA,Occasional User
432,User_432,This new product is amazing! #productlaunch,Positive,Non-Binary,USA,Occasional User
433,User_433,This new product is amazing! #productlaunch,Positive,Non-Binary,Canada,New User
434,User_434,This new product is amazing! #productlaunch,Neutral,Male,Australia,Occasional User
435,User_435,This new product is amazing! #productlaunch,Negative,Non-Binary,UK,Frequent User
436,User_436,This new product is amazing! #productlaunch,Positive,Male,Canada,New User
437,User_437,This new product is amazing! #productlaunch,Negative,Male,India,New User
438,User_438,This new product is amazing! #productlaunch,Neutral,Male,Canada,New User
439,User_439,This new product is amazing! #productlaunch,Neutral,Female,India,Occasional User
440,User_440,This new product is amazing! #productlaunch,Neutral,Non-Binary,India,Frequent User
441,User_441,This new product is amazing! #productlaunch,Positive,Female,Canada,Frequent User
442,User_442,This new product is amazing! #productlaunch,Neutral,Non-Binary,USA,Occasional User
443,User_443,This new product is amazing! #productlaunch,Neutral,Non-Binary,UK,Occasional User
444,User_444,This new product is amazing! #productlaunch,Positive,Female,USA,New User
445,User_445,This new product is amazing! #productlaunch,Positive,Male,Canada,Occasional User
446,User_446,This new product is amazing! #productlaunch,Positive,Female,USA,Frequent User
447,User_447,This new product is amazing! #productlaunch,Positive,Male,India,Frequent User
448,User_448,This new product is amazing! #productlaunch,Neutral,Non-Binary,Australia,New User
449,User_449,This new product is amazing! #productlaunch,Positive,Male,Canada,Frequent User
450,User_450,This new product is amazing! #productlaunch,Positive,Female,UK,Occasional User
451,User_451,This new product is amazing! #productlaunch,Positive,Male,India,Frequent User
452,User_452,This new product is amazing! #productlaunch,Neutral,Non-Binary,India,New User
453,User_453,This new product is amazing! #productlaunch,Negative,Non-Binary,Canada,Occasional User
454,User_454,This new product is amazing! #productlaunch,Negative,Male,India,New User
455,User_455,This new product is amazing! #productlaunch,Neutral,Male,USA,New User
456,User_456,This new product is amazing! #productlaunch,Positive,Male,India,Occasional User
457,User_457,This new product is amazing! #productlaunch,Positive,Female,UK,Occasional User
458,User_458,This new product is amazing! #productlaunch,Neutral,Male,Canada,Occasional User
459,User_459,This new product is amazing! #productlaunch,Negative,Female,India,New User
460,User_460,This new product is amazing! #productlaunch,Neutral,Female,USA,New User
461,User_461,This new product is amazing! #productlaunch,Positive,Female,Australia,Occasional User
462,User_462,This new product is amazing! #productlaunch,Neutral,Female,USA,Occasional User
463,User_463,This new product is amazing! #productlaunch,Positive,Female,Australia,Frequent User
464,User_464,This new product is amazing! #productlaunch,Positive,Non-Binary,Canada,Frequent User
465,User_465,This new product is amazing! #productlaunch,Negative,Non-Binary,UK,Frequent User
466,User_466,This new product is amazing! #productlaunch,Negative,Male,USA,Frequent User
467,User_467,This new product is amazing! #productlaunch,Negative,Non-Binary,Australia,Occasional User
468,User_468,This new product is amazing! #productlaunch,Neutral,Male,Australia,Frequent User
469,User_469,This new product is amazing! #productlaunch,Neutral,Male,India,New User
470,User_470,This new product is amazing! #productlaunch,Negative,Non-Binary,Canada,Frequent User
471,User_471,This new product is amazing! #productlaunch,Neutral,Female,India,Occasional User
472,User_472,This new product is amazing! #productlaunch,Negative,Female,USA,New User
473,User_473,This new product is amazing! #productlaunch,Negative,Non-Binary,USA,Frequent User
474,User_474,This new product is amazing! #productlaunch,Neutral,Non-Binary,UK,Frequent User
475,User_475,This new product is amazing! #productlaunch,Neutral,Female,Australia,Frequent User
476,User_476,This new product is amazing! #productlaunch,Neutral,Female,Canada,Frequent User
477,User_477,This new product is amazing! #productlaunch,Neutral,Female,India,Occasional User
478,User_478,This new product is amazing! #productlaunch,Neutral,Non-Binary,Canada,Frequent User
479,User_479,This new product is amazing! #productlaunch,Positive,Male,USA,Frequent User
480,User_480,This new product is amazing! #productlaunch,Neutral,Female,India,Occasional User
481,User_481,This new product is amazing! #productlaunch,Neutral,Non-Binary,Canada,Frequent User
482,User_482,This new product is amazing! #productlaunch,Negative,Female,Canada,Occasional User
483,User_483,This new product is amazing! #productlaunch,Negative,Male,Canada,New User
484,User_484,This new product is amazing! #productlaunch,Positive,Male,Canada,New User
485,User_485,This new product is amazing! #productlaunch,Positive,Female,Canada,Frequent User
486,User_486,This new product is amazing! #productlaunch,Neutral,Non-Binary,Canada,New User
487,User_487,This new product is amazing! #productlaunch,Positive,Female,USA,Occasional User
488,User_488,This new product is amazing! #productlaunch,Neutral,Male,UK,Occasional User
489,User_489,This new product is amazing! #productlaunch,Positive,Male,USA,Frequent User
490,User_490,This new product is amazing! #productlaunch,Negative,Non-Binary,USA,Occasional User
491,User_491,This new product is amazing! #productlaunch,Negative,Female,UK,Occasional User
492,User_492,This new product is amazing! #productlaunch,Neutral,Female,UK,Frequent User
493,User_493,This new product is amazing! #productlaunch,Positive,Non-Binary,Australia,Frequent User
494,User_494,This new product is amazing! #productlaunch,Neutral,Female,Canada,Occasional User
495,User_495,This new product is amazing! #productlaunch,Positive,Male,UK,Occasional User
496,User_496,This new product is amazing! #productlaunch,Positive,Non-Binary,UK,New User
497,User_497,This new product is amazing! #productlaunch,Negative,Male,UK,New User
498,User_498,This new product is amazing! #productlaunch,Negative,Male,India,Occasional User
499,User_499,This new product is amazing! #productlaunch,Positive,Male,India,Frequent User
500,User_500,This new product is amazing! #productlaunch,Neutral,Male,UK,Frequent User
501,User_501,This new product is amazing! #productlaunch,Neutral,Non-Binary,USA,New User
502,User_502,This new product is amazing! #productlaunch,Positive,Non-Binary,UK,New User
503,User_503,This new product is amazing! #productlaunch,Negative,Male,Australia,Occasional User
504,User_504,This new product is amazing! #productlaunch,Neutral,Male,USA,Occasional User
505,User_505,This new product is amazing! #productlaunch,Negative,Female,UK,Frequent User
506,User_506,This new product is amazing! #productlaunch,Positive,Non-Binary,UK,Frequent User
507,User_507,This new product is amazing! #productlaunch,Neutral,Non-Binary,USA,New User
508,User_508,This new product is amazing! #productlaunch,Negative,Non-Binary,India,Occasional User
509,User_509,This new product is amazing! #productlaunch,Negative,Male,UK,New User
510,User_510,This new product is amazing! #productlaunch,Positive,Female,Canada,New User
511,User_511,This new product is amazing! #productlaunch,Negative,Female,UK,New User
512,User_512,This new product is amazing! #productlaunch,Positive,Male,India,Frequent User
513,User_513,This new product is amazing! #productlaunch,Negative,Female,USA,New User
514,User_514,This new product is amazing! #productlaunch,Negative,Female,USA,Frequent User
515,User_515,This new product is amazing! #productlaunch,Negative,Male,UK,Frequent User
516,User_516,This new product is amazing! #productlaunch,Positive,Male,UK,New User
517,User_517,This new product is amazing! #productlaunch,Positive,Non-Binary,UK,Frequent User
518,User_518,This new product is amazing! #productlaunch,Neutral,Male,India,Frequent User
519,User_519,This new product is amazing! #productlaunch,Negative,Female,UK,Frequent User
520,User_520,This new product is amazing! #productlaunch,Neutral,Non-Binary,Canada,New User
521,User_521,This new product is amazing! #productlaunch,Positive,Non-Binary,UK,New User
522,User_522,This new product is amazing! #productlaunch,Neutral,Non-Binary,USA,New User
523,User_523,This new product is amazing! #productlaunch,Neutral,Non-Binary,India,Frequent User
524,User_524,This new product is amazing! #productlaunch,Negative,Male,India,New User
525,User_525,This new product is amazing! #productlaunch,Negative,Female,India,New User
526,User_526,This new product is amazing! #productlaunch,Positive,Female,Canada,New User
527,User_527,This new product is amazing! #productlaunch,Positive,Non-Binary,Australia,Occasional User
528,User_528,This new product is amazing! #productlaunch,Positive,Female,India,Occasional User
529,User_529,This new product is amazing! #productlaunch,Negative,Male,USA,Occasional User
530,User_530,This new product is amazing! #productlaunch,Positive,Non-Binary,UK,Occasional User
531,User_531,This new product is amazing! #productlaunch,Neutral,Non-Binary,Australia,New User
532,User_532,This new product is amazing! #productlaunch,Positive,Non-Binary,India,Frequent User
533,User_533,This new product is amazing! #productlaunch,Positive,Female,India,Frequent User
534,User_534,This new product is amazing! #productlaunch,Positive,Male,India,Occasional User
535,User_535,This new product is amazing! #productlaunch,Negative,Non-Binary,Canada,Frequent User
536,User_536,This new product is amazing! #productlaunch,Positive,Female,Australia,New User
537,User_537,This new product is amazing! #productlaunch,Negative,Female,UK,Occasional User
538,User_538,This new product is amazing! #productlaunch,Positive,Female,Canada,New User
539,User_539,This new product is amazing! #productlaunch,Neutral,Male,USA,Frequent User
540,User_540,This new product is amazing! #productlaunch,Negative,Female,USA,New User
541,User_541,This new product is amazing! #productlaunch,Negative,Male,India,Occasional User
542,User_542,This new product is amazing! #productlaunch,Positive,Female,UK,Occasional User
543,User_543,This new product is amazing! #productlaunch,Negative,Non-Binary,USA,Frequent User
544,User_544,This new product is amazing! #productlaunch,Positive,Non-Binary,USA,Occasional User
545,User_545,This new product is amazing! #productlaunch,Negative,Non-Binary,Canada,Frequent User
546,User_546,This new product is amazing! #productlaunch,Neutral,Non-Binary,Australia,New User
547,User_547,This new product is amazing! #productlaunch,Neutral,Female,Australia,New User
548,User_548,This new product is amazing! #productlaunch,Negative,Male,India,Frequent User
549,User_549,This new product is amazing! #productlaunch,Neutral,Male,USA,New User
550,User_550,This new product is amazing! #productlaunch,Positive,Non-Binary,UK,Occasional User
551,User_551,This new product is amazing! #productlaunch,Positive,Female,India,New User
552,User_552,This new product is amazing! #productlaunch,Neutral,Non-Binary,USA,Frequent User
553,User_553,This new product is amazing! #productlaunch,Negative,Female,Canada,New User
554,User_554,This new product is amazing! #productlaunch,Positive,Male,Australia,Occasional User
555,User_555,This new product is amazing! #productlaunch,Negative,Male,USA,Occasional User
556,User_556,This new product is amazing! #productlaunch,Positive,Male,India,Occasional User
557,User_557,This new product is amazing! #productlaunch,Positive,Non-Binary,India,New User
558,User_558,This new product is amazing! #productlaunch,Negative,Female,USA,New User
559,User_559,This new product is amazing! #productlaunch,Negative,Female,Australia,New User
560,User_560,This new product is amazing! #productlaunch,Positive,Female,USA,New User
561,User_561,This new product is amazing! #productlaunch,Positive,Male,UK,New User
562,User_562,This new product is amazing! #productlaunch,Neutral,Female,USA,Frequent User
563,User_563,This new product is amazing! #productlaunch,Negative,Non-Binary,India,New User
564,User_564,This new product is amazing! #productlaunch,Neutral,Female,Canada,New User
565,User_565,This new product is amazing! #productlaunch,Positive,Female,Canada,Occasional User
566,User_566,This new product is amazing! #productlaunch,Positive,Female,Australia,Frequent User
567,User_567,This new product is amazing! #productlaunch,Negative,Male,Canada,New User
568,User_568,This new product is amazing! #productlaunch,Negative,Female,Australia,Occasional User
569,User_569,This new product is amazing! #productlaunch,Positive,Male,India,Frequent User
570,User_570,This new product is amazing! #productlaunch,Negative,Male,UK,New User
571,User_571,This new product is amazing! #productlaunch,Neutral,Male,Canada,Frequent User
572,User_572,This new product is amazing! #productlaunch,Neutral,Male,India,Occasional User
573,User_573,This new product is amazing! #productlaunch,Positive,Male,India,Occasional User
574,User_574,This new product is amazing! #productlaunch,Neutral,Non-Binary,India,Occasional User
575,User_575,This new product is amazing! #productlaunch,Positive,Female,Australia,Frequent User
576,User_576,This new product is amazing! #productlaunch,Negative,Non-Binary,Australia,Frequent User
577,User_577,This new product is amazing! #productlaunch,Negative,Non-Binary,USA,Frequent User
578,User_578,This new product is amazing! #productlaunch,Neutral,Male,USA,Occasional User
579,User_579,This new product is amazing! #productlaunch,Neutral,Female,UK,Frequent User
580,User_580,This new product is amazing! #productlaunch,Positive,Non-Binary,USA,Frequent User
581,User_581,This new product is amazing! #productlaunch,Negative,Female,UK,New User
582,User_582,This new product is amazing! #productlaunch,Neutral,Male,UK,New User
583,User_583,This new product is amazing! #productlaunch,Positive,Non-Binary,Canada,Occasional User
584,User_584,This new product is amazing! #productlaunch,Neutral,Female,India,New User
585,User_585,This new product is amazing! #productlaunch,Neutral,Male,India,New User
586,User_586,This new product is amazing! #productlaunch,Negative,Male,India,Frequent User
587,User_587,This new product is amazing! #productlaunch,Positive,Male,India,New User
588,User_588,This new product is amazing! #productlaunch,Negative,Male,UK,New User
589,User_589,This new product is amazing! #productlaunch,Positive,Male,USA,New User
590,User_590,This new product is amazing! #productlaunch,Negative,Female,UK,New User
591,User_591,This new product is amazing! #productlaunch,Negative,Non-Binary,India,New User
592,User_592,This new product is amazing! #productlaunch,Positive,Male,India,Occasional User
593,User_593,This new product is amazing! #productlaunch,Negative,Female,Australia,Frequent User
594,User_594,This new product is amazing! #productlaunch,Negative,Male,UK,Occasional User
595,User_595,This new product is amazing! #productlaunch,Positive,Non-Binary,UK,Occasional User
596,User_596,This new product is amazing! #productlaunch,Negative,Non-Binary,India,Frequent User
597,User_597,This new product is amazing! #productlaunch,Positive,Female,USA,Occasional User
598,User_598,This new product is amazing! #productlaunch,Positive,Non-Binary,Australia,Occasional User
599,User_599,This new product is amazing! #productlaunch,Neutral,Male,Canada,Occasional User
600,User_600,This new product is amazing! #productlaunch,Negative,Non-Binary,India,Occasional User
601,User_601,This new product is amazing! #productlaunch,Neutral,Male,UK,New User
602,User_602,This new product is amazing! #productlaunch,Positive,Non-Binary,Australia,Frequent User
603,User_603,This new product is amazing! #productlaunch,Positive,Non-Binary,India,New User
604,User_604,This new product is amazing! #productlaunch,Neutral,Male,UK,Frequent User
605,User_605,This new product is amazing! #productlaunch,Negative,Male,India,Frequent User
606,User_606,This new product is amazing! #productlaunch,Positive,Male,Australia,Frequent User
607,User_607,This new product is amazing! #productlaunch,Neutral,Male,UK,New User
608,User_608,This new product is amazing! #productlaunch,Positive,Female,Australia,Occasional User
609,User_609,This new product is amazing! #productlaunch,Neutral,Male,UK,Occasional User
610,User_610,This new product is amazing! #productlaunch,Neutral,Male,Canada,New User
611,User_611,This new product is amazing! #productlaunch,Neutral,Non-Binary,Australia,New User
612,User_612,This new product is amazing! #productlaunch,Negative,Male,USA,Frequent User
613,User_613,This new product is amazing! #productlaunch,Positive,Female,Australia,Frequent User
614,User_614,This new product is amazing! #productlaunch,Positive,Non-Binary,Canada,Frequent User
615,User_615,This new product is amazing! #productlaunch,Positive,Male,UK,Frequent User
616,User_616,This new product is amazing! #productlaunch,Neutral,Female,Canada,Frequent User
617,User_617,This new product is amazing! #productlaunch,Positive,Male,India,Occasional User
618,User_618,This new product is amazing! #productlaunch,Negative,Non-Binary,India,Occasional User
619,User_619,This new product is amazing! #productlaunch,Positive,Female,UK,Frequent User
620,User_620,This new product is amazing! #productlaunch,Negative,Male,Canada,Occasional User
621,User_621,This new product is amazing! #productlaunch,Negative,Non-Binary,UK,Frequent User
622,User_622,This new product is amazing! #productlaunch,Negative,Non-Binary,USA,Occasional User
623,User_623,This new product is amazing! #productlaunch,Positive,Non-Binary,USA,Frequent User
624,User_624,This new product is amazing! #productlaunch,Positive,Female,Canada,New User
625,User_625,This new product is amazing! #productlaunch,Negative,Male,Canada,Frequent User
626,User_626,This new product is amazing! #productlaunch,Negative,Non-Binary,Australia,Occasional User
627,User_627,This new product is amazing! #productlaunch,Neutral,Male,Canada,New User
628,User_628,This new product is amazing! #productlaunch,Negative,Male,India,Occasional User
629,User_629,This new product is amazing! #productlaunch,Positive,Male,USA,Occasional User
630,User_630,This new product is amazing! #productlaunch,Negative,Male,India,Occasional User
631,User_631,This new product is amazing! #productlaunch,Neutral,Non-Binary,USA,Frequent User
632,User_632,This new product is amazing! #productlaunch,Negative,Female,Canada,New User
633,User_633,This new product is amazing! #productlaunch,Neutral,Non-Binary,Canada,New User
634,User_634,This new product is amazing! #productlaunch,Positive,Male,India,Frequent User
635,User_635,This new product is amazing! #productlaunch,Neutral,Female,Canada,Frequent User
636,User_636,This new product is amazing! #productlaunch,Neutral,Male,Australia,Occasional User
637,User_637,This new product is amazing! #productlaunch,Neutral,Female,USA,New User
638,User_638,This new product is amazing! #productlaunch,Neutral,Non-Binary,USA,Frequent User
639,User_639,This new product is amazing! #productlaunch,Neutral,Non-Binary,UK,New User
640,User_640,This new product is amazing! #productlaunch,Negative,Female,India,Frequent User
641,User_641,This new product is amazing! #productlaunch,Positive,Female,India,Frequent User
642,User_642,This new product is amazing! #productlaunch,Positive,Non-Binary,UK,Occasional User
643,User_643,This new product is amazing! #productlaunch,Neutral,Non-Binary,India,Occasional User
644,User_644,This new product is amazing! #productlaunch,Negative,Non-Binary,UK,Frequent User
645,User_645,This new product is amazing! #productlaunch,Neutral,Male,UK,Occasional User
646,User_646,This new product is amazing! #productlaunch,Negative,Female,India,Occasional User
647,User_647,This new product is amazing! #productlaunch,Neutral,Male,India,New User
648,User_648,This new product is amazing! #productlaunch,Positive,Non-Binary,Australia,Occasional User
649,User_649,This new product is amazing! #productlaunch,Positive,Female,UK,New User
650,User_650,This new product is amazing! #productlaunch,Neutral,Non-Binary,Canada,Frequent User
651,User_651,This new product is amazing! #productlaunch,Positive,Non-Binary,Canada,New User
652,User_652,This new product is amazing! #productlaunch,Positive,Female,USA,Frequent User
653,User_653,This new product is amazing! #productlaunch,Negative,Male,India,New User
654,User_654,This new product is amazing! #productlaunch,Negative,Male,India,Occasional User
655,User_655,This new product is amazing! #productlaunch,Positive,Female,UK,Frequent User
656,User_656,This new product is amazing! #productlaunch,Negative,Female,Australia,Frequent User
657,User_657,This new product is amazing! #productlaunch,Negative,Non-Binary,USA,Occasional User
658,User_658,This new product is amazing! #productlaunch,Positive,Non-Binary,USA,New User
659,User_659,This new product is amazing! #productlaunch,Neutral,Non-Binary,India,New User
660,User_660,This new product is amazing! #productlaunch,Neutral,Non-Binary,India,Frequent User
661,User_661,This new product is amazing! #productlaunch,Positive,Male,India,Frequent User
662,User_662,This new product is amazing! #productlaunch,Neutral,Male,Australia,New User
663,User_663,This new product is amazing! #productlaunch,Negative,Female,India,Occasional User
664,User_664,This new product is amazing! #productlaunch,Negative,Non-Binary,UK,Occasional User
665,User_665,This new product is amazing! #productlaunch,Negative,Female,USA,Frequent User
666,User_666,This new product is amazing! #productlaunch,Negative,Male,UK,Frequent User
667,User_667,This new product is amazing! #productlaunch,Positive,Male,India,Occasional User
668,User_668,This new product is amazing! #productlaunch,Negative,Male,USA,Frequent User
669,User_669,This new product is amazing! #productlaunch,Neutral,Male,India,Occasional User
670,User_670,This new product is amazing! #productlaunch,Neutral,Non-Binary,Australia,Occasional User
671,User_671,This new product is amazing! #productlaunch,Negative,Non-Binary,India,New User
672,User_672,This new product is amazing! #productlaunch,Positive,Female,UK,New User
673,User_673,This new product is amazing! #productlaunch,Positive,Female,India,New User
674,User_674,This new product is amazing! #productlaunch,Positive,Non-Binary,USA,Frequent User
675,User_675,This new product is amazing! #productlaunch,Neutral,Female,UK,New User
676,User_676,This new product is amazing! #productlaunch,Negative,Male,USA,Frequent User
677,User_677,This new product is amazing! #productlaunch,Neutral,Male,India,Occasional User
678,User_678,This new product is amazing! #productlaunch,Neutral,Male,Canada,Frequent User
679,User_679,This new product is amazing! #productlaunch,Positive,Non-Binary,UK,Frequent User
680,User_680,This new product is amazing! #productlaunch,Negative,Female,Canada,Frequent User
681,User_681,This new product is amazing! #productlaunch,Positive,Female,India,Occasional User
682,User_682,This new product is amazing! #productlaunch,Neutral,Male,UK,New User
683,User_683,This new product is amazing! #productlaunch,Negative,Male,Australia,Frequent User
684,User_684,This new product is amazing! #productlaunch,Neutral,Female,USA,Occasional User
685,User_685,This new product is amazing! #productlaunch,Negative,Non-Binary,India,Occasional User
686,User_686,This new product is amazing! #productlaunch,Negative,Non-Binary,India,Occasional User
687,User_687,This new product is amazing! #productlaunch,Negative,Male,UK,Occasional User
688,User_688,This new product is amazing! #productlaunch,Negative,Female,Canada,New User
689,User_689,This new product is amazing! #productlaunch,Positive,Male,Australia,New User
690,User_690,This new product is amazing! #productlaunch,Neutral,Male,India,Occasional User
691,User_691,This new product is amazing! #productlaunch,Negative,Male,USA,New User
692,User_692,This new product is amazing! #productlaunch,Neutral,Male,Australia,New User
693,User_693,This new product is amazing! #productlaunch,Positive,Non-Binary,Canada,Frequent User
694,User_694,This new product is amazing! #productlaunch,Negative,Non-Binary,India,Occasional User
695,User_695,This new product is amazing! #productlaunch,Negative,Male,USA,Frequent User
696,User_696,This new product is amazing! #productlaunch,Negative,Female,Canada,New User
697,User_697,This new product is amazing! #productlaunch,Negative,Non-Binary,Canada,Frequent User
698,User_698,This new product is amazing! #productlaunch,Negative,Female,USA,New User
699,User_699,This new product is amazing! #productlaunch,Negative,Male,Australia,Occasional User
700,User_700,This new product is amazing! #productlaunch,Neutral,Male,Australia,Occasional User
701,User_701,This new product is amazing! #productlaunch,Positive,Non-Binary,USA,New User
702,User_702,This new product is amazing! #productlaunch,Positive,Non-Binary,India,New User
703,User_703,This new product is amazing! #productlaunch,Positive,Non-Binary,India,Occasional User
704,User_704,This new product is amazing! #productlaunch,Neutral,Male,Canada,Occasional User
705,User_705,This new product is amazing! #productlaunch,Negative,Male,Australia,Frequent User
706,User_706,This new product is amazing! #productlaunch,Positive,Female,Australia,New User
707,User_707,This new product is amazing! #productlaunch,Negative,Female,India,New User
708,User_708,This new product is amazing! #productlaunch,Positive,Male,Australia,New User
709,User_709,This new product is amazing! #productlaunch,Positive,Non-Binary,USA,Occasional User
710,User_710,This new product is amazing! #productlaunch,Neutral,Male,India,Frequent User
711,User_711,This new product is amazing! #productlaunch,Positive,Male,USA,New User
712,User_712,This new product is amazing! #productlaunch,Neutral,Male,India,Frequent User
713,User_713,This new product is amazing! #productlaunch,Positive,Female,India,Occasional User
714,User_714,This new product is amazing! #productlaunch,Positive,Male,Canada,Frequent User
715,User_715,This new product is amazing! #productlaunch,Neutral,Female,Australia,Occasional User
716,User_716,This new product is amazing! #productlaunch,Positive,Male,USA,Frequent User
717,User_717,This new product is amazing! #productlaunch,Positive,Female,Australia,Frequent User
718,User_718,This new product is amazing! #productlaunch,Negative,Non-Binary,Canada,Frequent User
719,User_719,This new product is amazing! #productlaunch,Positive,Male,Australia,New User
720,User_720,This new product is amazing! #productlaunch,Negative,Female,USA,New User
721,User_721,This new product is amazing! #productlaunch,Negative,Non-Binary,UK,New User
722,User_722,This new product is amazing! #productlaunch,Neutral,Female,UK,Occasional User
723,User_723,This new product is amazing! #productlaunch,Neutral,Non-Binary,India,Occasional User
724,User_724,This new product is amazing! #productlaunch,Negative,Non-Binary,UK,Occasional User
725,User_725,This new product is amazing! #productlaunch,Negative,Female,Canada,Occasional User
726,User_726,This new product is amazing! #productlaunch,Neutral,Female,India,Frequent User
727,User_727,This new product is amazing! #productlaunch,Neutral,Male,India,Occasional User
728,User_728,This new product is amazing! #productlaunch,Negative,Non-Binary,USA,New User
729,User_729,This new product is amazing! #productlaunch,Positive,Male,Australia,Frequent User
730,User_730,This new product is amazing! #productlaunch,Negative,Female,India,Occasional User
731,User_731,This new product is amazing! #productlaunch,Negative,Female,UK,New User
732,User_732,This new product is amazing! #productlaunch,Positive,Female,UK,Frequent User
733,User_733,This new product is amazing! #productlaunch,Neutral,Non-Binary,Australia,New User
734,User_734,This new product is amazing! #productlaunch,Negative,Non-Binary,USA,Occasional User
735,User_735,This new product is amazing! #productlaunch,Neutral,Female,Canada,Occasional User
736,User_736,This new product is amazing! #productlaunch,Neutral,Female,India,Frequent User
737,User_737,This new product is amazing! #productlaunch,Negative,Male,USA,New User
738,User_738,This new product is amazing! #productlaunch,Neutral,Male,USA,New User
739,User_739,This new product is amazing! #productlaunch,Positive,Female,Canada,Frequent User
740,User_740,This new product is amazing! #productlaunch,Negative,Male,UK,New User
741,User_741,This new product is amazing! #productlaunch,Positive,Female,Canada,Occasional User
742,User_742,This new product is amazing! #productlaunch,Neutral,Non-Binary,UK,New User
743,User_743,This new product is amazing! #productlaunch,Positive,Non-Binary,Canada,Occasional User
744,User_744,This new product is amazing! #productlaunch,Positive,Non-Binary,UK,New User
745,User_745,This new product is amazing! #productlaunch,Negative,Female,Canada,New User
746,User_746,This new product is amazing! #productlaunch,Negative,Non-Binary,UK,Occasional User
747,User_747,This new product is amazing! #productlaunch,Positive,Male,UK,Occasional User
748,User_748,This new product is amazing! #productlaunch,Neutral,Non-Binary,UK,Occasional User
749,User_749,This new product is amazing! #productlaunch,Neutral,Male,Canada,New User
750,User_750,This new product is amazing! #productlaunch,Neutral,Male,Australia,Frequent User
751,User_751,This new product is amazing! #productlaunch,Positive,Female,Australia,New User
752,User_752,This new product is amazing! #productlaunch,Negative,Male,Canada,New User
753,User_753,This new product is amazing! #productlaunch,Neutral,Non-Binary,Canada,Occasional User
754,User_754,This new product is amazing! #productlaunch,Neutral,Non-Binary,UK,Frequent User
755,User_755,This new product is amazing! #productlaunch,Neutral,Female,Australia,New User
756,User_756,This new product is amazing! #productlaunch,Positive,Female,UK,New User
757,User_757,This new product is amazing! #productlaunch,Negative,Non-Binary,UK,Frequent User
758,User_758,This new product is amazing! #productlaunch,Neutral,Non-Binary,India,Occasional User
759,User_759,This new product is amazing! #productlaunch,Neutral,Male,UK,Occasional User
760,User_760,This new product is amazing! #productlaunch,Neutral,Non-Binary,Australia,Occasional User
761,User_761,This new product is amazing! #productlaunch,Positive,Male,Canada,Occasional User
762,User_762,This new product is amazing! #productlaunch,Positive,Female,UK,New User
763,User_763,This new product is amazing! #productlaunch,Neutral,Female,UK,Frequent User
764,User_764,This new product is amazing! #productlaunch,Positive,Male,Australia,Occasional User
765,User_765,This new product is amazing! #productlaunch,Negative,Male,Canada,New User
766,User_766,This new product is amazing! #productlaunch,Negative,Male,Australia,New User
767,User_767,This new product is amazing! #productlaunch,Positive,Male,USA,New User
768,User_768,This new product is amazing! #productlaunch,Negative,Female,USA,Occasional User
769,User_769,This new product is amazing! #productlaunch,Negative,Male,India,Occasional User
770,User_770,This new product is amazing! #productlaunch,Positive,Male,Canada,Frequent User
771,User_771,This new product is amazing! #productlaunch,Neutral,Male,UK,Occasional User
772,User_772,This new product is amazing! #productlaunch,Neutral,Male,Canada,Frequent User
773,User_773,This new product is amazing! #productlaunch,Negative,Non-Binary,Australia,New User
774,User_774,This new product is amazing! #productlaunch,Positive,Female,UK,New User
775,User_775,This new product is amazing! #productlaunch,Neutral,Female,Canada,Frequent User
776,User_776,This new product is amazing! #productlaunch,Positive,Male,UK,Frequent User
777,User_777,This new product is amazing! #productlaunch,Neutral,Female,India,Frequent User
778,User_778,This new product is amazing! #productlaunch,Neutral,Female,India,New User
779,User_779,This new product is amazing! #productlaunch,Neutral,Non-Binary,USA,New User
780,User_780,This new product is amazing! #productlaunch,Positive,Female,Canada,Occasional User
781,User_781,This new product is amazing! #productlaunch,Neutral,Female,India,Occasional User
782,User_782,This new product is amazing! #productlaunch,Negative,Male,USA,Occasional User
783,User_783,This new product is amazing! #productlaunch,Neutral,Male,Canada,Frequent User
784,User_784,This new product is amazing! #productlaunch,Negative,Female,UK,New User
785,User_785,This new product is amazing! #productlaunch,Neutral,Female,India,Occasional User
786,User_786,This new product is amazing! #productlaunch,Negative,Male,Australia,New User
787,User_787,This new product is amazing! #productlaunch,Positive,Male,India,Occasional User
788,User_788,This new product is amazing! #productlaunch,Negative,Male,UK,Occasional User
789,User_789,This new product is amazing! #productlaunch,Neutral,Female,Australia,Occasional User
790,User_790,This new product is amazing! #productlaunch,Negative,Male,Australia,Frequent User
791,User_791,This new product is amazing! #productlaunch,Negative,Male,USA,Occasional User
792,User_792,This new product is amazing! #productlaunch,Negative,Female,Australia,Occasional User
793,User_793,This new product is amazing! #productlaunch,Negative,Female,UK,Occasional User
794,User_794,This new product is amazing! #productlaunch,Positive,Non-Binary,USA,Occasional User
795,User_795,This new product is amazing! #productlaunch,Positive,Non-Binary,UK,Occasional User
796,User_796,This new product is amazing! #productlaunch,Positive,Male,Australia,Frequent User
797,User_797,This new product is amazing! #productlaunch,Neutral,Female,Australia,New User
798,User_798,This new product is amazing! #productlaunch,Neutral,Non-Binary,India,Occasional User
799,User_799,This new product is amazing! #productlaunch,Neutral,Female,India,Occasional User
800,User_800,This new product is amazing! #productlaunch,Negative,Female,Canada,New User
801,User_801,This new product is amazing! #productlaunch,Positive,Female,UK,Occasional User
802,User_802,This new product is amazing! #productlaunch,Negative,Male,India,Frequent User
803,User_803,This new product is amazing! #productlaunch,Negative,Male,Australia,New User
804,User_804,This new product is amazing! #productlaunch,Positive,Non-Binary,India,New User
805,User_805,This new product is amazing! #productlaunch,Neutral,Male,UK,New User
806,User_806,This new product is amazing! #productlaunch,Neutral,Female,Canada,Frequent User
807,User_807,This new product is amazing! #productlaunch,Neutral,Male,UK,Frequent User
808,User_808,This new product is amazing! #productlaunch,Neutral,Non-Binary,Canada,Occasional User
809,User_809,This new product is amazing! #productlaunch,Neutral,Non-Binary,USA,New User
810,User_810,This new product is amazing! #productlaunch,Neutral,Male,UK,New User
811,User_811,This new product is amazing! #productlaunch,Positive,Female,USA,Frequent User
812,User_812,This new product is amazing! #productlaunch,Negative,Male,Australia,New User
813,User_813,This new product is amazing! #productlaunch,Positive,Male,India,Frequent User
814,User_814,This new product is amazing! #productlaunch,Neutral,Male,India,Frequent User
815,User_815,This new product is amazing! #productlaunch,Negative,Non-Binary,India,Frequent User
816,User_816,This new product is amazing! #productlaunch,Positive,Non-Binary,Australia,Frequent User
817,User_817,This new product is amazing! #productlaunch,Neutral,Non-Binary,India,Occasional User
818,User_818,This new product is amazing! #productlaunch,Positive,Non-Binary,India,Occasional User
819,User_819,This new product is amazing! #productlaunch,Negative,Non-Binary,India,Frequent User
820,User_820,This new product is amazing! #productlaunch,Negative,Non-Binary,Australia,Occasional User
821,User_821,This new product is amazing! #productlaunch,Negative,Female,Australia,Occasional User
822,User_822,This new product is amazing! #productlaunch,Positive,Non-Binary,Australia,Frequent User
823,User_823,This new product is amazing! #productlaunch,Neutral,Female,India,Occasional User
824,User_824,This new product is amazing! #productlaunch,Neutral,Female,USA,Occasional User
825,User_825,This new product is amazing! #productlaunch,Negative,Female,Australia,Frequent User
826,User_826,This new product is amazing! #productlaunch,Negative,Male,UK,Occasional User
827,User_827,This new product is amazing! #productlaunch,Positive,Female,India,Occasional User
828,User_828,This new product is amazing! #productlaunch,Neutral,Non-Binary,UK,Frequent User
829,User_829,This new product is amazing! #productlaunch,Positive,Male,India,Frequent User
830,User_830,This new product is amazing! #productlaunch,Positive,Male,UK,New User
831,User_831,This new product is amazing! #productlaunch,Positive,Male,UK,Occasional User
832,User_832,This new product is amazing! #productlaunch,Negative,Male,Australia,Frequent User
833,User_833,This new product is amazing! #productlaunch,Positive,Male,India,Frequent User
834,User_834,This new product is amazing! #productlaunch,Negative,Female,UK,Frequent User
835,User_835,This new product is amazing! #productlaunch,Negative,Female,Australia,New User
836,User_836,This new product is amazing! #productlaunch,Positive,Non-Binary,Australia,Occasional User
837,User_837,This new product is amazing! #productlaunch,Neutral,Female,India,Frequent User
838,User_838,This new product is amazing! #productlaunch,Negative,Non-Binary,USA,Frequent User
839,User_839,This new product is amazing! #productlaunch,Negative,Male,USA,New User
840,User_840,This new product is amazing! #productlaunch,Neutral,Female,USA,New User
841,User_841,This new product is amazing! #productlaunch,Negative,Non-Binary,UK,Frequent User
842,User_842,This new product is amazing! #productlaunch,Positive,Female,Australia,New User
843,User_843,This new product is amazing! #productlaunch,Neutral,Non-Binary,India,New User
844,User_844,This new product is amazing! #productlaunch,Neutral,Female,Canada,New User
845,User_845,This new product is amazing! #productlaunch,Positive,Male,Canada,Frequent User
846,User_846,This new product is amazing! #productlaunch,Positive,Non-Binary,UK,New User
847,User_847,This new product is amazing! #productlaunch,Negative,Non-Binary,Australia,Occasional User
848,User_848,This new product is amazing! #productlaunch,Neutral,Male,Canada,Occasional User
849,User_849,This new product is amazing! #productlaunch,Neutral,Non-Binary,Canada,New User
850,User_850,This new product is amazing! #productlaunch,Neutral,Non-Binary,UK,New User
851,User_851,This new product is amazing! #productlaunch,Negative,Female,Australia,Frequent User
852,User_852,This new product is amazing! #productlaunch,Negative,Female,Canada,Frequent User
853,User_853,This new product is amazing! #productlaunch,Neutral,Non-Binary,Canada,Frequent User
854,User_854,This new product is amazing! #productlaunch,Negative,Female,Canada,New User
855,User_855,This new product is amazing! #productlaunch,Neutral,Non-Binary,India,Occasional User
856,User_856,This new product is amazing! #productlaunch,Negative,Male,UK,New User
857,User_857,This new product is amazing! #productlaunch,Neutral,Male,USA,Frequent User
858,User_858,This new product is amazing! #productlaunch,Negative,Female,Canada,Occasional User
859,User_859,This new product is amazing! #productlaunch,Negative,Female,Canada,Frequent User
860,User_860,This new product is amazing! #productlaunch,Negative,Male,Australia,Frequent User
861,User_861,This new product is amazing! #productlaunch,Neutral,Non-Binary,Canada,New User
862,User_862,This new product is amazing! #productlaunch,Positive,Male,India,Frequent User
863,User_863,This new product is amazing! #productlaunch,Positive,Female,UK,New User
864,User_864,This new product is amazing! #productlaunch,Negative,Female,Canada,New User
865,User_865,This new product is amazing! #productlaunch,Neutral,Male,USA,Frequent User
866,User_866,This new product is amazing! #productlaunch,Negative,Male,India,Frequent User
867,User_867,This new product is amazing! #productlaunch,Neutral,Female,India,New User
868,User_868,This new product is amazing! #productlaunch,Neutral,Male,UK,New User
869,User_869,This new product is amazing! #productlaunch,Neutral,Female,USA,New User
870,User_870,This new product is amazing! #productlaunch,Negative,Non-Binary,Canada,Occasional User
871,User_871,This new product is amazing! #productlaunch,Positive,Male,Australia,New User
872,User_872,This new product is amazing! #productlaunch,Negative,Non-Binary,USA,Frequent User
873,User_873,This new product is amazing! #productlaunch,Negative,Male,UK,Frequent User
874,User_874,This new product is amazing! #productlaunch,Positive,Female,India,Occasional User
875,User_875,This new product is amazing! #productlaunch,Positive,Male,UK,Occasional User
876,User_876,This new product is amazing! #productlaunch,Neutral,Male,India,New User
877,User_877,This new product is amazing! #productlaunch,Neutral,Female,UK,New User
878,User_878,This new product is amazing! #productlaunch,Neutral,Male,Canada,Frequent User
879,User_879,This new product is amazing! #productlaunch,Neutral,Male,UK,Frequent User
880,User_880,This new product is amazing! #productlaunch,Negative,Non-Binary,USA,Occasional User
881,User_881,This new product is amazing! #productlaunch,Positive,Female,Canada,Occasional User
882,User_882,This new product is amazing! #productlaunch,Negative,Non-Binary,India,Frequent User
883,User_883,This new product is amazing! #productlaunch,Negative,Non-Binary,Australia,Frequent User
884,User_884,This new product is amazing! #productlaunch,Negative,Male,Canada,Occasional User
885,User_885,This new product is amazing! #productlaunch,Neutral,Male,India,New User
886,User_886,This new product is amazing! #productlaunch,Neutral,Female,USA,New User
887,User_887,This new product is amazing! #productlaunch,Positive,Female,India,Occasional User
888,User_888,This new product is amazing! #productlaunch,Positive,Male,India,New User
889,User_889,This new product is amazing! #productlaunch,Neutral,Female,Australia,New User
890,User_890,This new product is amazing! #productlaunch,Negative,Female,India,New User
891,User_891,This new product is amazing! #productlaunch,Negative,Non-Binary,Canada,Occasional User
892,User_892,This new product is amazing! #productlaunch,Positive,Non-Binary,Canada,New User
893,User_893,This new product is amazing! #productlaunch,Positive,Non-Binary,USA,New User
894,User_894,This new product is amazing! #productlaunch,Neutral,Male,Canada,Occasional User
895,User_895,This new product is amazing! #productlaunch,Negative,Non-Binary,Australia,Occasional User
896,User_896,This new product is amazing! #productlaunch,Positive,Non-Binary,India,Occasional User
897,User_897,This new product is amazing! #productlaunch,Neutral,Non-Binary,UK,Occasional User
898,User_898,This new product is amazing! #productlaunch,Positive,Non-Binary,Canada,Frequent User
899,User_899,This new product is amazing! #productlaunch,Negative,Non-Binary,Australia,Frequent User
900,User_900,This new product is amazing! #productlaunch,Negative,Female,India,Occasional User
901,User_901,This new product is amazing! #productlaunch,Positive,Male,Canada,Frequent User
902,User_902,This new product is amazing! #productlaunch,Neutral,Female,USA,Frequent User
903,User_903,This new product is amazing! #productlaunch,Positive,Female,UK,Frequent User
904,User_904,This new product is amazing! #productlaunch,Positive,Male,UK,New User
905,User_905,This new product is amazing! #productlaunch,Negative,Non-Binary,India,Frequent User
906,User_906,This new product is amazing! #productlaunch,Negative,Male,UK,Occasional User
907,User_907,This new product is amazing! #productlaunch,Positive,Non-Binary,USA,Occasional User
908,User_908,This new product is amazing! #productlaunch,Negative,Male,India,Frequent User
909,User_909,This new product is amazing! #productlaunch,Positive,Non-Binary,Canada,New User
910,User_910,This new product is amazing! #productlaunch,Negative,Female,Canada,New User
911,User_911,This new product is amazing! #productlaunch,Positive,Male,Canada,New User
912,User_912,This new product is amazing! #productlaunch,Negative,Male,Canada,New User
913,User_913,This new product is amazing! #productlaunch,Neutral,Non-Binary,UK,New User
914,User_914,This new product is amazing! #productlaunch,Neutral,Female,India,New User
915,User_915,This new product is amazing! #productlaunch,Negative,Non-Binary,UK,New User
916,User_916,This new product is amazing! #productlaunch,Neutral,Female,Australia,New User
917,User_917,This new product is amazing! #productlaunch,Neutral,Non-Binary,Australia,Occasional User
918,User_918,This new product is amazing! #productlaunch,Negative,Female,USA,Occasional User
919,User_919,This new product is amazing! #productlaunch,Positive,Non-Binary,Australia,Frequent User
920,User_920,This new product is amazing! #productlaunch,Positive,Non-Binary,USA,Occasional User
921,User_921,This new product is amazing! #productlaunch,Neutral,Male,USA,Frequent User
922,User_922,This new product is amazing! #productlaunch,Positive,Female,Australia,Frequent User
923,User_923,This new product is amazing! #productlaunch,Neutral,Female,Canada,New User
924,User_924,This new product is amazing! #productlaunch,Positive,Non-Binary,UK,Frequent User
925,User_925,This new product is amazing! #productlaunch,Positive,Male,USA,Frequent User
926,User_926,This new product is amazing! #productlaunch,Neutral,Male,India,Frequent User
927,User_927,This new product is amazing! #productlaunch,Positive,Non-Binary,Canada,Frequent User
928,User_928,This new product is amazing! #productlaunch,Negative,Non-Binary,Australia,Occasional User
929,User_929,This new product is amazing! #productlaunch,Positive,Male,India,New User
930,User_930,This new product is amazing! #productlaunch,Positive,Male,Australia,Occasional User
931,User_931,This new product is amazing! #productlaunch,Positive,Non-Binary,India,Occasional User
932,User_932,This new product is amazing! #productlaunch,Neutral,Male,Canada,Frequent User
933,User_933,This new product is amazing! #productlaunch,Positive,Female,India,Occasional User
934,User_934,This new product is amazing! #productlaunch,Negative,Female,UK,Frequent User
935,User_935,This new product is amazing! #productlaunch,Positive,Female,India,New User
936,User_936,This new product is amazing! #productlaunch,Negative,Non-Binary,Australia,Occasional User
937,User_937,This new product is amazing! #productlaunch,Positive,Male,India,New User
938,User_938,This new product is amazing! #productlaunch,Positive,Male,UK,Frequent User
939,User_939,This new product is amazing! #productlaunch,Neutral,Female,UK,Frequent User
940,User_940,This new product is amazing! #productlaunch,Neutral,Female,USA,Occasional User
941,User_941,This new product is amazing! #productlaunch,Neutral,Non-Binary,Australia,Occasional User
942,User_942,This new product is amazing! #productlaunch,Negative,Female,Australia,Occasional User
943,User_943,This new product is amazing! #productlaunch,Neutral,Non-Binary,Canada,Frequent User
944,User_944,This new product is amazing! #productlaunch,Neutral,Male,Australia,Frequent User
945,User_945,This new product is amazing! #productlaunch,Positive,Female,USA,New User
946,User_946,This new product is amazing! #productlaunch,Negative,Male,Canada,Frequent User
947,User_947,This new product is amazing! #productlaunch,Neutral,Non-Binary,Canada,Frequent User
948,User_948,This new product is amazing! #productlaunch,Negative,Non-Binary,Australia,Frequent User
949,User_949,This new product is amazing! #productlaunch,Positive,Male,Australia,Occasional User
950,User_950,This new product is amazing! #productlaunch,Negative,Male,Canada,Occasional User
951,User_951,This new product is amazing! #productlaunch,Neutral,Male,UK,Occasional User
952,User_952,This new product is amazing! #productlaunch,Negative,Male,USA,Frequent User
953,User_953,This new product is amazing! #productlaunch,Positive,Female,UK,Occasional User
954,User_954,This new product is amazing! #productlaunch,Positive,Non-Binary,UK,Frequent User
955,User_955,This new product is amazing! #productlaunch,Neutral,Male,Canada,Frequent User
956,User_956,This new product is amazing! #productlaunch,Negative,Female,USA,New User
957,User_957,This new product is amazing! #productlaunch,Neutral,Male,UK,Occasional User
958,User_958,This new product is amazing! #productlaunch,Neutral,Non-Binary,Canada,Frequent User
959,User_959,This new product is amazing! #productlaunch,Positive,Non-Binary,India,Occasional User
960,User_960,This new product is amazing! #productlaunch,Negative,Female,Canada,Frequent User
961,User_961,This new product is amazing! #productlaunch,Positive,Non-Binary,Australia,New User
962,User_962,This new product is amazing! #productlaunch,Neutral,Male,Canada,Occasional User
963,User_963,This new product is amazing! #productlaunch,Positive,Male,UK,Occasional User
964,User_964,This new product is amazing! #productlaunch,Positive,Male,India,Occasional User
965,User_965,This new product is amazing! #productlaunch,Neutral,Female,Canada,Frequent User
966,User_966,This new product is amazing! #productlaunch,Positive,Non-Binary,UK,New User
967,User_967,This new product is amazing! #productlaunch,Neutral,Non-Binary,Canada,Frequent User
968,User_968,This new product is amazing! #productlaunch,Negative,Non-Binary,UK,New User
969,User_969,This new product is amazing! #productlaunch,Positive,Male,UK,Frequent User
970,User_970,This new product is amazing! #productlaunch,Negative,Female,USA,Frequent User
971,User_971,This new product is amazing! #productlaunch,Neutral,Male,UK,New User
972,User_972,This new product is amazing! #productlaunch,Positive,Non-Binary,UK,New User
973,User_973,This new product is amazing! #productlaunch,Positive,Female,USA,Occasional User
974,User_974,This new product is amazing! #productlaunch,Neutral,Non-Binary,India,Frequent User
975,User_975,This new product is amazing! #productlaunch,Negative,Male,Canada,Frequent User
976,User_976,This new product is amazing! #productlaunch,Positive,Male,Canada,Frequent User
977,User_977,This new product is amazing! #productlaunch,Negative,Male,Australia,Occasional User
978,User_978,This new product is amazing! #productlaunch,Neutral,Male,Australia,Frequent User
979,User_979,This new product is amazing! #productlaunch,Negative,Male,Canada,New User
980,User_980,This new product is amazing! #productlaunch,Positive,Female,UK,Occasional User
981,User_981,This new product is amazing! #productlaunch,Neutral,Female,Canada,Frequent User
982,User_982,This new product is amazing! #productlaunch,Positive,Non-Binary,Canada,New User
983,User_983,This new product is amazing! #productlaunch,Positive,Female,India,Occasional User
984,User_984,This new product is amazing! #productlaunch,Positive,Male,Canada,Occasional User
985,User_985,This new product is amazing! #productlaunch,Positive,Non-Binary,Australia,New User
986,User_986,This new product is amazing! #productlaunch,Positive,Non-Binary,Canada,Occasional User
987,User_987,This new product is amazing! #productlaunch,Neutral,Female,USA,Occasional User
988,User_988,This new product is amazing! #productlaunch,Positive,Male,USA,Frequent User
989,User_989,This new product is amazing! #productlaunch,Positive,Female,UK,Frequent User
990,User_990,This new product is amazing! #productlaunch,Positive,Non-Binary,India,Occasional User
991,User_991,This new product is amazing! #productlaunch,Neutral,Non-Binary,UK,Frequent User
992,User_992,This new product is amazing! #productlaunch,Positive,Non-Binary,India,Occasional User
993,User_993,This new product is amazing! #productlaunch,Negative,Non-Binary,UK,Occasional User
994,User_994,This new product is amazing! #productlaunch,Neutral,Male,Australia,Occasional User
995,User_995,This new product is amazing! #productlaunch,Neutral,Male,UK,Occasional User
996,User_996,This new product is amazing! #productlaunch,Negative,Male,USA,New User
997,User_997,This new product is amazing! #productlaunch,Neutral,Non-Binary,USA,New User
998,User_998,This new product is amazing! #productlaunch,Negative,Non-Binary,Canada,New User
999,User_999,This new product is amazing! #productlaunch,Neutral,Female,Canada,Frequent User
1000,User_1000,This new product is amazing! #productlaunch,Positive,Male,Canada,Frequent User
